{
  "1": {
    "translation": {
      "x": 15.513558,
      "y": 1.071626,
      "z": 0.462788
    },
    "rotation": {
      "quaternion": {
        "W": 6.123233995736766e-17,
        "X": 0,
        "Y": 0,
        "Z": 1
      }
    }
  },
  "2": {
    "translation": {
      "x": 15.513558,
      "y": 2.748026,
      "z": 0.462788
    },
    "rotation": {
      "quaternion": {
        "W": 6.123233995736766e-17,
        "X": 0,
        "Y": 0,
        "Z": 1
      }
    }
  },
  "3": {
    "translation": {
      "x": 15.513558,
      "y": 4.4244259999999995,
      "z": 0.462788
    },
    "rotation": {
      "quaternion": {
        "W": 6.123233995736766e-17,
        "X": 0,
        "Y": 0,
        "Z": 1
      }
    }
  },
  "4": {
    "translation": {
      "x": 16.178784,
      "y": 6.749796,
      "z": 0.695452
    },
    "rotation": {
      "quaternion": {
        "W": 6.123233995736766e-17,
        "X": 0,
        "Y": 0,
        "Z": 1
      }
    }
  },
  "5": {
    "translation": {
      "x": 0.36195,
      "y": 6.749796,
      "z": 0.695452
    },
    "rotation": {
      "quaternion": {
        "W": 1,
        "X": 0,
        "Y": 0,
        "Z": 0
      }
    }
  },
  "6": {
    "translation": {
      "x": 1.02743,
      "y": 4.4244259999999995,
      "z": 0.462788
    },
    "rotation": {
      "quaternion": {
        "W": 1,
        "X": 0,
        "Y": 0,
        "Z": 0
      }
    }
  },
  "7": {
    "translation": {
      "x": 1.02743,
      "y": 2.748026,
      "z": 0.462788
    },
    "rotation": {
      "quaternion": {
        "W": 1,
        "X": 0,
        "Y": 0,
        "Z": 0
      }
    }
  },
  "8": {
    "translation": {
      "x": 1.02743,
      "y": 1.071626,
      "z": 0.462788
    },
    "rotation": {
      "quaternion": {
        "W": 1,
        "X": 0,
        "Y": 0,
        "Z": 0
      }
    }
  }
}